,10/1/2025,,,,,,,,,,,,,,,,,,,,,,,,,,,,,,,,,,,
,Tháng 9,,,,,2025,,,Hiện có 1⭐,Mục tiêu học tập ngày,,,,,,,,Words Learned,,,,Daily Avg.,,,,Current Steak,,,,Topics Expanded,,,,,,
,T2,T3,T4,T5,T6,T7,CN,,,,,9/26/2026,,,,,,22,,,,22,,,,0,,,,1,,,,,,
,01,02,03,04,05,06,07,,,1. More than 10 new words,,,,,TRUE,,,,,,,,,,,,,,,,,,,,,
,08,09,10,11,12,13,14,,,2. Review all new words added 3 days ago,,,,,TRUE,,,Spaced Repetition,,,,,,,,,,,,,,,,,,
,15,16,17,18,19,20,21,,,,,,,,,,,Today,,,1st,,,2nd,,,3rd,,,4th,,,,,,
,22,23,24,25,26,27,28,,,3. Test & correct errors,,,,,TRUE,,,9/26/2026,,,1,,,2,,,4,,,7,,,,,,
,29,30,,,,,,,,Chỉ còn -360 ngày,,,,,,,,,,,9/25/2026,,,9/24/2026,,,9/22/2026,,,9/19/2026,,,,"""Even the star waits for you.""",,
,,,,,,,,,,,,,,,,,,,,,,,,,,,,,,,,,,,,
,ID,Time,,Word,,,Type,,Tag,,Level,,Topic,,Priority,,Meaning,,,Definition,,,,,,,,Example,,,,,,Listen,,Note
,Stt,Thời gian,,Từ vựng,,,Loại từ,,Nhãn,,level,,Chủ đề,,Ưu tiên,,Nghĩa,,,Định nghĩa chi tiết,,,,,,,,Ví dụ,,,,,,Audio,,Ghi chú
,1,5/21/2026,,Software,,,Noun,,"Academic, Collocation",,1,,IT,,High,,Phần mềm,,,"The value of the action that you do not choose, when choosing between two possible options",,,,,,,,"If we do take on the project, we need to think about the opportunity costs involved.",,,,,,🔊,,
,2,5/21/2026,,Hardware,,,Noun,,,,,,IT,,,,Phần cứng,,,,,,,,,,,,,,,,,🔊,,
,3,5/21/2026,,Operating System,,,Noun,,,,,,IT,,,,Hệ điều hành,,,,,,,,,,,,,,,,,🔊,,
,4,5/21/2026,,application,,,Noun,,,,,,IT,,,,ứng dụng,,,,,,,,,,,,,,,,,🔊,,
,5,5/21/2026,,program,,,Noun,,,,,,IT,,,,chương trình,,,,,,,,,,,,,,,,,🔊,,
,6,5/21/2026,,code,,,Noun,,,,,,IT,,,,mã số,,,,,,,,,,,,,,,,,🔊,,
,7,5/21/2026,,coding,,,Noun,,,,,,IT,,,,lập trình,,,,,,,,,,,,,,,,,🔊,,
,8,5/21/2026,,programming,,,Noun,,,,,,IT,,,,lập trình,,,,,,,,,,,,,,,,,🔊,,
,9,5/21/2026,,developer,,,Noun,,,,,,IT,,,,nhà phát triển,,,,,,,,,,,,,,,,,🔊,,
,10,5/21/2026,,programmer,,,,,,,,,IT,,,,lập trình viên,,,,,,,,,,,,,,,,,🔊,,
,11,5/21/2026,,software engineer,,,,,,,,,IT,,,,kỹ sư phần mềm,,,,,,,,,,,,,,,,,🔊,,
,12,5/21/2026,,algorithm,,,,,,,,,IT,,,,thuật toán,,,,,,,,,,,,,,,,,🔊,,
,13,5/21/2026,,data structure,,,,,,,,,IT,,,,cấu trúc dữ liệu,,,,,,,,,,,,,,,,,🔊,,
,14,5/21/2026,,variable,,,,,,,,,IT,,,,biến,,,,,,,,,,,,,,,,,🔊,,
,15,5/21/2026,,function,,,,,,,,,IT,,,,chức năng,,,,,,,,,,,,,,,,,🔊,,
,16,5/21/2026,,framework,,,,,,,,,IT,,,,khung,,,,,,,,,,,,,,,,,🔊,,
,17,5/21/2026,,library,,,,,,,,,IT,,,,thư viện,,,,,,,,,,,,,,,,,🔊,,
,18,5/21/2026,,bug,,,,,,,,,IT,,,,sâu bọ,,,,,,,,,,,,,,,,,🔊,,
,19,5/21/2026,,debug,,,,,,,,,IT,,,,gỡ lỗi,,,,,,,,,,,,,,,,,🔊,,
,20,5/21/2026,,quality assurance,,,,,,,,,IT,,,,đảm bảo chất lượng,,,,,,,,,,,,,,,,,🔊,,
,21,5/21/2026,,deployment,,,,,,,,,IT,,,,triển khai,,,,,,,,,,,,,,,,,🔊,,
,22,5/21/2026,,car,,,,,,,,,IT,,,,xe hơi,,,,,,,,,,,,,,,,,🔊,,
,23,,,,,,,,,,,,IT,,,,,,,,,,,,,,,,,,,,,,,
,24,,,,,,,,,,,,IT,,,,,,,,,,,,,,,,,,,,,,,
,25,,,,,,,,,,,,IT,,,,,,,,,,,,,,,,,,,,,,,
,26,,,,,,,,,,,,IT,,,,,,,,,,,,,,,,,,,,,,,
,27,,,,,,,,,,,,IT,,,,,,,,,,,,,,,,,,,,,,,
,28,,,,,,,,,,,,IT,,,,,,,,,,,,,,,,,,,,,,,
,29,,,,,,,,,,,,IT,,,,,,,,,,,,,,,,,,,,,,,
,30,,,,,,,,,,,,IT,,,,,,,,,,,,,,,,,,,,,,,
,31,,,,,,,,,,,,IT,,,,,,,,,,,,,,,,,,,,,,,
,32,,,,,,,,,,,,IT,,,,,,,,,,,,,,,,,,,,,,,
,33,,,,,,,,,,,,IT,,,,,,,,,,,,,,,,,,,,,,,
,34,,,,,,,,,,,,IT,,,,,,,,,,,,,,,,,,,,,,,
,35,,,,,,,,,,,,IT,,,,,,,,,,,,,,,,,,,,,,,
,36,,,,,,,,,,,,IT,,,,,,,,,,,,,,,,,,,,,,,
,37,,,,,,,,,,,,IT,,,,,,,,,,,,,,,,,,,,,,,
,38,,,,,,,,,,,,IT,,,,,,,,,,,,,,,,,,,,,,,
,39,,,,,,,,,,,,IT,,,,,,,,,,,,,,,,,,,,,,,
,40,,,,,,,,,,,,IT,,,,,,,,,,,,,,,,,,,,,,,
,41,,,,,,,,,,,,IT,,,,,,,,,,,,,,,,,,,,,,,
,42,,,,,,,,,,,,IT,,,,,,,,,,,,,,,,,,,,,,,
,43,,,,,,,,,,,,IT,,,,,,,,,,,,,,,,,,,,,,,
,44,,,,,,,,,,,,IT,,,,,,,,,,,,,,,,,,,,,,,
,45,,,,,,,,,,,,IT,,,,,,,,,,,,,,,,,,,,,,,
,46,,,,,,,,,,,,IT,,,,,,,,,,,,,,,,,,,,,,,
,47,,,,,,,,,,,,IT,,,,,,,,,,,,,,,,,,,,,,,
,48,,,,,,,,,,,,IT,,,,,,,,,,,,,,,,,,,,,,,
,49,,,,,,,,,,,,IT,,,,,,,,,,,,,,,,,,,,,,,
,50,,,,,,,,,,,,IT,,,,,,,,,,,,,,,,,,,,,,,
,51,,,,,,,,,,,,IT,,,,,,,,,,,,,,,,,,,,,,,
,52,,,,,,,,,,,,IT,,,,,,,,,,,,,,,,,,,,,,,
,53,,,,,,,,,,,,IT,,,,,,,,,,,,,,,,,,,,,,,
,54,,,,,,,,,,,,IT,,,,,,,,,,,,,,,,,,,,,,,
,55,,,,,,,,,,,,IT,,,,,,,,,,,,,,,,,,,,,,,
,56,,,,,,,,,,,,IT,,,,,,,,,,,,,,,,,,,,,,,
,57,,,,,,,,,,,,IT,,,,,,,,,,,,,,,,,,,,,,,
,58,,,,,,,,,,,,IT,,,,,,,,,,,,,,,,,,,,,,,
,59,,,,,,,,,,,,IT,,,,,,,,,,,,,,,,,,,,,,,
,60,,,,,,,,,,,,IT,,,,,,,,,,,,,,,,,,,,,,,
,61,,,,,,,,,,,,IT,,,,,,,,,,,,,,,,,,,,,,,
,62,,,,,,,,,,,,IT,,,,,,,,,,,,,,,,,,,,,,,
,63,,,,,,,,,,,,IT,,,,,,,,,,,,,,,,,,,,,,,
,64,,,,,,,,,,,,IT,,,,,,,,,,,,,,,,,,,,,,,
,65,,,,,,,,,,,,IT,,,,,,,,,,,,,,,,,,,,,,,
,66,,,,,,,,,,,,IT,,,,,,,,,,,,,,,,,,,,,,,
,67,,,,,,,,,,,,IT,,,,,,,,,,,,,,,,,,,,,,,
,68,,,,,,,,,,,,IT,,,,,,,,,,,,,,,,,,,,,,,
,69,,,,,,,,,,,,IT,,,,,,,,,,,,,,,,,,,,,,,
,70,,,,,,,,,,,,IT,,,,,,,,,,,,,,,,,,,,,,,
,71,,,,,,,,,,,,IT,,,,,,,,,,,,,,,,,,,,,,,
,72,,,,,,,,,,,,IT,,,,,,,,,,,,,,,,,,,,,,,
,73,,,,,,,,,,,,IT,,,,,,,,,,,,,,,,,,,,,,,
,74,,,,,,,,,,,,IT,,,,,,,,,,,,,,,,,,,,,,,
,75,,,,,,,,,,,,IT,,,,,,,,,,,,,,,,,,,,,,,
,76,,,,,,,,,,,,IT,,,,,,,,,,,,,,,,,,,,,,,
,77,,,,,,,,,,,,IT,,,,,,,,,,,,,,,,,,,,,,,
,78,,,,,,,,,,,,IT,,,,,,,,,,,,,,,,,,,,,,,
,79,,,,,,,,,,,,IT,,,,,,,,,,,,,,,,,,,,,,,
,80,,,,,,,,,,,,IT,,,,,,,,,,,,,,,,,,,,,,,
,81,,,,,,,,,,,,IT,,,,,,,,,,,,,,,,,,,,,,,
,82,,,,,,,,,,,,IT,,,,,,,,,,,,,,,,,,,,,,,
,83,,,,,,,,,,,,IT,,,,,,,,,,,,,,,,,,,,,,,
,84,,,,,,,,,,,,IT,,,,,,,,,,,,,,,,,,,,,,,
,85,,,,,,,,,,,,IT,,,,,,,,,,,,,,,,,,,,,,,
,86,,,,,,,,,,,,IT,,,,,,,,,,,,,,,,,,,,,,,
,87,,,,,,,,,,,,IT,,,,,,,,,,,,,,,,,,,,,,,
,88,,,,,,,,,,,,IT,,,,,,,,,,,,,,,,,,,,,,,
,89,,,,,,,,,,,,IT,,,,,,,,,,,,,,,,,,,,,,,
,90,,,,,,,,,,,,IT,,,,,,,,,,,,,,,,,,,,,,,
,91,,,,,,,,,,,,IT,,,,,,,,,,,,,,,,,,,,,,,
,92,,,,,,,,,,,,IT,,,,,,,,,,,,,,,,,,,,,,,
,93,,,,,,,,,,,,IT,,,,,,,,,,,,,,,,,,,,,,,
,94,,,,,,,,,,,,IT,,,,,,,,,,,,,,,,,,,,,,,
,95,,,,,,,,,,,,IT,,,,,,,,,,,,,,,,,,,,,,,
,96,,,,,,,,,,,,IT,,,,,,,,,,,,,,,,,,,,,,,
,97,,,,,,,,,,,,IT,,,,,,,,,,,,,,,,,,,,,,,
,98,,,,,,,,,,,,IT,,,,,,,,,,,,,,,,,,,,,,,
,99,,,,,,,,,,,,IT,,,,,,,,,,,,,,,,,,,,,,,
,100,,,,,,,,,,,,IT,,,,,,,,,,,,,,,,,,,,,,,
,101,,,,,,,,,,,,,,,,,,,,,,,,,,,,,,,,,,,
,102,,,,,,,,,,,,,,,,,,,,,,,,,,,,,,,,,,,
,103,,,,,,,,,,,,,,,,,,,,,,,,,,,,,,,,,,,
,104,,,,,,,,,,,,,,,,,,,,,,,,,,,,,,,,,,,
,105,,,,,,,,,,,,,,,,,,,,,,,,,,,,,,,,,,,
,106,,,,,,,,,,,,,,,,,,,,,,,,,,,,,,,,,,,
,107,,,,,,,,,,,,,,,,,,,,,,,,,,,,,,,,,,,
,108,,,,,,,,,,,,,,,,,,,,,,,,,,,,,,,,,,,
,109,,,,,,,,,,,,,,,,,,,,,,,,,,,,,,,,,,,
,110,,,,,,,,,,,,,,,,,,,,,,,,,,,,,,,,,,,
,111,,,,,,,,,,,,,,,,,,,,,,,,,,,,,,,,,,,
,112,,,,,,,,,,,,,,,,,,,,,,,,,,,,,,,,,,,
,113,,,,,,,,,,,,,,,,,,,,,,,,,,,,,,,,,,,
,114,,,,,,,,,,,,,,,,,,,,,,,,,,,,,,,,,,,
,115,,,,,,,,,,,,,,,,,,,,,,,,,,,,,,,,,,,
,116,,,,,,,,,,,,,,,,,,,,,,,,,,,,,,,,,,,
,117,,,,,,,,,,,,,,,,,,,,,,,,,,,,,,,,,,,
,118,,,,,,,,,,,,,,,,,,,,,,,,,,,,,,,,,,,
,119,,,,,,,,,,,,,,,,,,,,,,,,,,,,,,,,,,,
,120,,,,,,,,,,,,,,,,,,,,,,,,,,,,,,,,,,,
,121,,,,,,,,,,,,,,,,,,,,,,,,,,,,,,,,,,,
,122,,,,,,,,,,,,,,,,,,,,,,,,,,,,,,,,,,,
,123,,,,,,,,,,,,,,,,,,,,,,,,,,,,,,,,,,,
,124,,,,,,,,,,,,,,,,,,,,,,,,,,,,,,,,,,,
,125,,,,,,,,,,,,,,,,,,,,,,,,,,,,,,,,,,,
,126,,,,,,,,,,,,,,,,,,,,,,,,,,,,,,,,,,,
,127,,,,,,,,,,,,,,,,,,,,,,,,,,,,,,,,,,,
,128,,,,,,,,,,,,,,,,,,,,,,,,,,,,,,,,,,,
,129,,,,,,,,,,,,,,,,,,,,,,,,,,,,,,,,,,,
,130,,,,,,,,,,,,,,,,,,,,,,,,,,,,,,,,,,,
,131,,,,,,,,,,,,,,,,,,,,,,,,,,,,,,,,,,,
,132,,,,,,,,,,,,,,,,,,,,,,,,,,,,,,,,,,,
,133,,,,,,,,,,,,,,,,,,,,,,,,,,,,,,,,,,,
,134,,,,,,,,,,,,,,,,,,,,,,,,,,,,,,,,,,,
,135,,,,,,,,,,,,,,,,,,,,,,,,,,,,,,,,,,,
,136,,,,,,,,,,,,,,,,,,,,,,,,,,,,,,,,,,,
,137,,,,,,,,,,,,,,,,,,,,,,,,,,,,,,,,,,,
,138,,,,,,,,,,,,,,,,,,,,,,,,,,,,,,,,,,,
,139,,,,,,,,,,,,,,,,,,,,,,,,,,,,,,,,,,,
,140,,,,,,,,,,,,,,,,,,,,,,,,,,,,,,,,,,,
,141,,,,,,,,,,,,,,,,,,,,,,,,,,,,,,,,,,,
,142,,,,,,,,,,,,,,,,,,,,,,,,,,,,,,,,,,,
,143,,,,,,,,,,,,,,,,,,,,,,,,,,,,,,,,,,,
,144,,,,,,,,,,,,,,,,,,,,,,,,,,,,,,,,,,,
,145,,,,,,,,,,,,,,,,,,,,,,,,,,,,,,,,,,,
,146,,,,,,,,,,,,,,,,,,,,,,,,,,,,,,,,,,,
,147,,,,,,,,,,,,,,,,,,,,,,,,,,,,,,,,,,,
,148,,,,,,,,,,,,,,,,,,,,,,,,,,,,,,,,,,,
,149,,,,,,,,,,,,,,,,,,,,,,,,,,,,,,,,,,,
,150,,,,,,,,,,,,,,,,,,,,,,,,,,,,,,,,,,,
,151,,,,,,,,,,,,,,,,,,,,,,,,,,,,,,,,,,,
,152,,,,,,,,,,,,,,,,,,,,,,,,,,,,,,,,,,,
,153,,,,,,,,,,,,,,,,,,,,,,,,,,,,,,,,,,,
,154,,,,,,,,,,,,,,,,,,,,,,,,,,,,,,,,,,,
,155,,,,,,,,,,,,,,,,,,,,,,,,,,,,,,,,,,,
,156,,,,,,,,,,,,,,,,,,,,,,,,,,,,,,,,,,,
,157,,,,,,,,,,,,,,,,,,,,,,,,,,,,,,,,,,,
,158,,,,,,,,,,,,,,,,,,,,,,,,,,,,,,,,,,,
,159,,,,,,,,,,,,,,,,,,,,,,,,,,,,,,,,,,,
,160,,,,,,,,,,,,,,,,,,,,,,,,,,,,,,,,,,,
,161,,,,,,,,,,,,,,,,,,,,,,,,,,,,,,,,,,,
,162,,,,,,,,,,,,,,,,,,,,,,,,,,,,,,,,,,,
,163,,,,,,,,,,,,,,,,,,,,,,,,,,,,,,,,,,,
,164,,,,,,,,,,,,,,,,,,,,,,,,,,,,,,,,,,,
,165,,,,,,,,,,,,,,,,,,,,,,,,,,,,,,,,,,,
,166,,,,,,,,,,,,,,,,,,,,,,,,,,,,,,,,,,,
,167,,,,,,,,,,,,,,,,,,,,,,,,,,,,,,,,,,,
,168,,,,,,,,,,,,,,,,,,,,,,,,,,,,,,,,,,,
,169,,,,,,,,,,,,,,,,,,,,,,,,,,,,,,,,,,,
,170,,,,,,,,,,,,,,,,,,,,,,,,,,,,,,,,,,,
,171,,,,,,,,,,,,,,,,,,,,,,,,,,,,,,,,,,,
,172,,,,,,,,,,,,,,,,,,,,,,,,,,,,,,,,,,,
,173,,,,,,,,,,,,,,,,,,,,,,,,,,,,,,,,,,,
,174,,,,,,,,,,,,,,,,,,,,,,,,,,,,,,,,,,,
,175,,,,,,,,,,,,,,,,,,,,,,,,,,,,,,,,,,,
,176,,,,,,,,,,,,,,,,,,,,,,,,,,,,,,,,,,,
,177,,,,,,,,,,,,,,,,,,,,,,,,,,,,,,,,,,,
,178,,,,,,,,,,,,,,,,,,,,,,,,,,,,,,,,,,,
,179,,,,,,,,,,,,,,,,,,,,,,,,,,,,,,,,,,,
,180,,,,,,,,,,,,,,,,,,,,,,,,,,,,,,,,,,,
,181,,,,,,,,,,,,,,,,,,,,,,,,,,,,,,,,,,,
,182,,,,,,,,,,,,,,,,,,,,,,,,,,,,,,,,,,,
,183,,,,,,,,,,,,,,,,,,,,,,,,,,,,,,,,,,,
,184,,,,,,,,,,,,,,,,,,,,,,,,,,,,,,,,,,,
,185,,,,,,,,,,,,,,,,,,,,,,,,,,,,,,,,,,,
,186,,,,,,,,,,,,,,,,,,,,,,,,,,,,,,,,,,,
,187,,,,,,,,,,,,,,,,,,,,,,,,,,,,,,,,,,,
,188,,,,,,,,,,,,,,,,,,,,,,,,,,,,,,,,,,,
,189,,,,,,,,,,,,,,,,,,,,,,,,,,,,,,,,,,,
,190,,,,,,,,,,,,,,,,,,,,,,,,,,,,,,,,,,,
,191,,,,,,,,,,,,,,,,,,,,,,,,,,,,,,,,,,,
,192,,,,,,,,,,,,,,,,,,,,,,,,,,,,,,,,,,,
,193,,,,,,,,,,,,,,,,,,,,,,,,,,,,,,,,,,,
,194,,,,,,,,,,,,,,,,,,,,,,,,,,,,,,,,,,,
,195,,,,,,,,,,,,,,,,,,,,,,,,,,,,,,,,,,,
,196,,,,,,,,,,,,,,,,,,,,,,,,,,,,,,,,,,,
,197,,,,,,,,,,,,,,,,,,,,,,,,,,,,,,,,,,,
,198,,,,,,,,,,,,,,,,,,,,,,,,,,,,,,,,,,,
,199,,,,,,,,,,,,,,,,,,,,,,,,,,,,,,,,,,,
,200,,,,,,,,,,,,,,,,,,,,,,,,,,,,,,,,,,,
,201,,,,,,,,,,,,,,,,,,,,,,,,,,,,,,,,,,,
,202,,,,,,,,,,,,,,,,,,,,,,,,,,,,,,,,,,,
,203,,,,,,,,,,,,,,,,,,,,,,,,,,,,,,,,,,,
,204,,,,,,,,,,,,,,,,,,,,,,,,,,,,,,,,,,,
,205,,,,,,,,,,,,,,,,,,,,,,,,,,,,,,,,,,,
,206,,,,,,,,,,,,,,,,,,,,,,,,,,,,,,,,,,,
,207,,,,,,,,,,,,,,,,,,,,,,,,,,,,,,,,,,,
,208,,,,,,,,,,,,,,,,,,,,,,,,,,,,,,,,,,,
,209,,,,,,,,,,,,,,,,,,,,,,,,,,,,,,,,,,,
,210,,,,,,,,,,,,,,,,,,,,,,,,,,,,,,,,,,,
,211,,,,,,,,,,,,,,,,,,,,,,,,,,,,,,,,,,,
,212,,,,,,,,,,,,,,,,,,,,,,,,,,,,,,,,,,,
,213,,,,,,,,,,,,,,,,,,,,,,,,,,,,,,,,,,,
,214,,,,,,,,,,,,,,,,,,,,,,,,,,,,,,,,,,,
,215,,,,,,,,,,,,,,,,,,,,,,,,,,,,,,,,,,,
,216,,,,,,,,,,,,,,,,,,,,,,,,,,,,,,,,,,,
,217,,,,,,,,,,,,,,,,,,,,,,,,,,,,,,,,,,,
,218,,,,,,,,,,,,,,,,,,,,,,,,,,,,,,,,,,,
,219,,,,,,,,,,,,,,,,,,,,,,,,,,,,,,,,,,,
,220,,,,,,,,,,,,,,,,,,,,,,,,,,,,,,,,,,,
,221,,,,,,,,,,,,,,,,,,,,,,,,,,,,,,,,,,,
,222,,,,,,,,,,,,,,,,,,,,,,,,,,,,,,,,,,,
,223,,,,,,,,,,,,,,,,,,,,,,,,,,,,,,,,,,,
,224,,,,,,,,,,,,,,,,,,,,,,,,,,,,,,,,,,,
,225,,,,,,,,,,,,,,,,,,,,,,,,,,,,,,,,,,,
,226,,,,,,,,,,,,,,,,,,,,,,,,,,,,,,,,,,,
,227,,,,,,,,,,,,,,,,,,,,,,,,,,,,,,,,,,,
,228,,,,,,,,,,,,,,,,,,,,,,,,,,,,,,,,,,,
,229,,,,,,,,,,,,,,,,,,,,,,,,,,,,,,,,,,,
,230,,,,,,,,,,,,,,,,,,,,,,,,,,,,,,,,,,,
,231,,,,,,,,,,,,,,,,,,,,,,,,,,,,,,,,,,,
,232,,,,,,,,,,,,,,,,,,,,,,,,,,,,,,,,,,,
,233,,,,,,,,,,,,,,,,,,,,,,,,,,,,,,,,,,,
,234,,,,,,,,,,,,,,,,,,,,,,,,,,,,,,,,,,,
,235,,,,,,,,,,,,,,,,,,,,,,,,,,,,,,,,,,,
,236,,,,,,,,,,,,,,,,,,,,,,,,,,,,,,,,,,,
,237,,,,,,,,,,,,,,,,,,,,,,,,,,,,,,,,,,,
,238,,,,,,,,,,,,,,,,,,,,,,,,,,,,,,,,,,,
,239,,,,,,,,,,,,,,,,,,,,,,,,,,,,,,,,,,,
,240,,,,,,,,,,,,,,,,,,,,,,,,,,,,,,,,,,,
,241,,,,,,,,,,,,,,,,,,,,,,,,,,,,,,,,,,,
,242,,,,,,,,,,,,,,,,,,,,,,,,,,,,,,,,,,,
,243,,,,,,,,,,,,,,,,,,,,,,,,,,,,,,,,,,,
,244,,,,,,,,,,,,,,,,,,,,,,,,,,,,,,,,,,,
,245,,,,,,,,,,,,,,,,,,,,,,,,,,,,,,,,,,,
,246,,,,,,,,,,,,,,,,,,,,,,,,,,,,,,,,,,,
,247,,,,,,,,,,,,,,,,,,,,,,,,,,,,,,,,,,,
,248,,,,,,,,,,,,,,,,,,,,,,,,,,,,,,,,,,,
,249,,,,,,,,,,,,,,,,,,,,,,,,,,,,,,,,,,,
,250,,,,,,,,,,,,,,,,,,,,,,,,,,,,,,,,,,,
,251,,,,,,,,,,,,,,,,,,,,,,,,,,,,,,,,,,,
,252,,,,,,,,,,,,,,,,,,,,,,,,,,,,,,,,,,,
,253,,,,,,,,,,,,,,,,,,,,,,,,,,,,,,,,,,,
,254,,,,,,,,,,,,,,,,,,,,,,,,,,,,,,,,,,,
,255,,,,,,,,,,,,,,,,,,,,,,,,,,,,,,,,,,,
,256,,,,,,,,,,,,,,,,,,,,,,,,,,,,,,,,,,,
,257,,,,,,,,,,,,,,,,,,,,,,,,,,,,,,,,,,,
,258,,,,,,,,,,,,,,,,,,,,,,,,,,,,,,,,,,,
,259,,,,,,,,,,,,,,,,,,,,,,,,,,,,,,,,,,,
,260,,,,,,,,,,,,,,,,,,,,,,,,,,,,,,,,,,,
,261,,,,,,,,,,,,,,,,,,,,,,,,,,,,,,,,,,,
,262,,,,,,,,,,,,,,,,,,,,,,,,,,,,,,,,,,,
,263,,,,,,,,,,,,,,,,,,,,,,,,,,,,,,,,,,,
,264,,,,,,,,,,,,,,,,,,,,,,,,,,,,,,,,,,,
,265,,,,,,,,,,,,,,,,,,,,,,,,,,,,,,,,,,,
,266,,,,,,,,,,,,,,,,,,,,,,,,,,,,,,,,,,,
,267,,,,,,,,,,,,,,,,,,,,,,,,,,,,,,,,,,,
,268,,,,,,,,,,,,,,,,,,,,,,,,,,,,,,,,,,,
,269,,,,,,,,,,,,,,,,,,,,,,,,,,,,,,,,,,,
,270,,,,,,,,,,,,,,,,,,,,,,,,,,,,,,,,,,,
,271,,,,,,,,,,,,,,,,,,,,,,,,,,,,,,,,,,,
,272,,,,,,,,,,,,,,,,,,,,,,,,,,,,,,,,,,,
,273,,,,,,,,,,,,,,,,,,,,,,,,,,,,,,,,,,,
,274,,,,,,,,,,,,,,,,,,,,,,,,,,,,,,,,,,,
,275,,,,,,,,,,,,,,,,,,,,,,,,,,,,,,,,,,,
,276,,,,,,,,,,,,,,,,,,,,,,,,,,,,,,,,,,,
,277,,,,,,,,,,,,,,,,,,,,,,,,,,,,,,,,,,,
,278,,,,,,,,,,,,,,,,,,,,,,,,,,,,,,,,,,,
,279,,,,,,,,,,,,,,,,,,,,,,,,,,,,,,,,,,,
,280,,,,,,,,,,,,,,,,,,,,,,,,,,,,,,,,,,,
,281,,,,,,,,,,,,,,,,,,,,,,,,,,,,,,,,,,,
,282,,,,,,,,,,,,,,,,,,,,,,,,,,,,,,,,,,,
,283,,,,,,,,,,,,,,,,,,,,,,,,,,,,,,,,,,,
,284,,,,,,,,,,,,,,,,,,,,,,,,,,,,,,,,,,,
,285,,,,,,,,,,,,,,,,,,,,,,,,,,,,,,,,,,,